{
  "extent": [
    {
      "name": "Switzerland",
      "srid": 2056,
      "extent": [
        [2485071.58, 1074261.72],
        [2837119.8, 1299941.79]
      ]
    },
    {
      "name": "Zurich",
      "srid": 2056,
      "extent": [
        [2668987.2297610500827432, 1223521.8985269300173968],
        [2717254.805092069786042, 1283848.1290704500861466]
      ]
    }
  ],
  "resolution": [
    [800, 600],
    [1920, 1080],
    [3840, 2160]
  ]
}
